scheme,bucket,scope,games,correct_predictions,accuracy,expected_accuracy,calibration_error,accuracy_ci_low,accuracy_ci_high,confidence_correctness_auc,confidence_error_spearman,calibration_intercept,calibration_slope,threshold,measure
cumulative_favorite_probability,>=0.55,combined,3706,2261,0.6100917431192661,0.5839999135197255,0.026091829599540595,0.594441446303292,0.6257420399352401,0.5389142508214358,0.06574732720955075,0.2099934918479428,0.7003476920775668,0.55,favorite_probability
cumulative_favorite_probability,>=0.55,2022,1025,642,0.6263414634146341,0.5824720697981528,0.043869393616481345,0.5970731707317073,0.655609756097561,0.513949553858292,0.02337729102030392,0.4841447198811738,0.09648348274291052,0.55,favorite_probability
cumulative_favorite_probability,>=0.55,2023,945,576,0.6095238095238096,0.5865909056146261,0.022932903909183455,0.5777777777777777,0.6412698412698413,0.5571316997892201,0.09655185629669258,-0.0916361443175869,1.5435431580813215,0.55,favorite_probability
cumulative_favorite_probability,>=0.55,2024,883,532,0.6024915062287656,0.5832325433583524,0.019258962870413177,0.5696489241223103,0.6353340883352209,0.5463498489814279,0.07857563434457349,0.16698138548020805,0.7404621925924711,0.55,favorite_probability
cumulative_favorite_probability,>=0.55,2025,853,511,0.5990621336459554,0.5837597495542188,0.015302384091736565,0.5662368112543963,0.6318874560375146,0.5409299504468934,0.06948748803167105,0.3004705907899664,0.2978331833525837,0.55,favorite_probability
cumulative_favorite_probability,>=0.6,combined,854,551,0.6451990632318502,0.629392177710987,0.01580688552086318,0.6135538641686183,0.6768149882903981,0.4919348559175336,-0.013367256884035214,0.917932022855723,-0.599272564949126,0.6,favorite_probability
cumulative_favorite_probability,>=0.6,2022,224,138,0.6160714285714286,0.6244768658804912,-0.008405437309062624,0.5535714285714286,0.6785714285714286,0.47514324233232225,-0.04187744525871533,0.9740441732017076,-0.9805635958186535,0.6,favorite_probability
cumulative_favorite_probability,>=0.6,2023,257,169,0.6575875486381323,0.6291431694358545,0.028444379202277825,0.5992217898832685,0.7120622568093385,0.5669042495965572,0.10997631909190969,-0.24454932142199903,1.7062903221978236,0.6,favorite_probability
cumulative_favorite_probability,>=0.6,2024,192,131,0.6822916666666666,0.6324861885066095,0.04980547816005709,0.6196614583333334,0.7447916666666666,0.44137154298585907,-0.09455931441731696,1.871542673927213,-2.0081455637188577,0.6,favorite_probability
cumulative_favorite_probability,>=0.6,2025,181,113,0.6243093922651933,0.6325467351915423,-0.008237342926348923,0.5524861878453039,0.6961325966850829,0.4411764705882353,-0.09868779219090687,1.4208907529546542,-1.6605819202971732,0.6,favorite_probability
cumulative_favorite_probability,>=0.65,combined,141,80,0.5673758865248227,0.6822722740699412,-0.11489638754511844,0.48226950354609927,0.6453900709219859,0.44508196721311477,-0.09425563335229892,0.32790584763988057,-0.07346616067330067,0.65,favorite_probability
cumulative_favorite_probability,>=0.65,2022,29,15,0.5172413793103449,0.6722634967320439,-0.15502211742169902,0.3448275862068966,0.6896551724137931,0.519047619047619,0.0329914439536929,-0.39874664599260634,0.6498937289569066,0.65,favorite_probability
cumulative_favorite_probability,>=0.65,2023,40,31,0.775,0.6860377194241344,0.08896228057586564,0.65,0.9,0.4444444444444445,-0.08038888179363396,1.3100313503082432,-0.09337119901053757,0.65,favorite_probability
cumulative_favorite_probability,>=0.65,2024,34,17,0.5,0.6845755518479318,-0.18457555184793184,0.3235294117647059,0.6764705882352942,0.3391003460207613,-0.2788069929629363,1.0113733601299295,-1.2964908501906798,0.65,favorite_probability
cumulative_favorite_probability,>=0.65,2025,38,17,0.4473684210526316,0.683886097337826,-0.23651767628519443,0.2894736842105263,0.6052631578947368,0.4509803921568627,-0.08446200721769777,-0.6122542171677176,0.5152426349222977,0.65,favorite_probability
cumulative_absolute_run_difference,>=0.5,combined,3852,2339,0.6072170301142263,0.5826327894303176,0.024584240683908742,0.5919003115264797,0.6227933541017653,0.541567495274671,0.070322255250372,0.1803297158103791,0.7652267897962439,0.5,absolute_run_difference
cumulative_absolute_run_difference,>=0.5,2022,1057,659,0.6234626300851467,0.5814261652460452,0.042036464839101506,0.5941343424787133,0.651844843897824,0.5187088706049214,0.03140130120578666,0.43396373072290806,0.2143712478203095,0.5,absolute_run_difference
cumulative_absolute_run_difference,>=0.5,2023,982,592,0.6028513238289206,0.5851401195647509,0.017711204264169722,0.5723014256619144,0.6334012219959266,0.5658307345807345,0.11158381831006807,-0.16480898740102115,1.7041088809923897,0.5,absolute_run_difference
cumulative_absolute_run_difference,>=0.5,2024,908,547,0.6024229074889867,0.5822580103299958,0.020164897158990946,0.5704845814977973,0.6343612334801763,0.543842768665144,0.07432762808517093,0.1770897514383226,0.7180548353142228,0.5,absolute_run_difference
cumulative_absolute_run_difference,>=0.5,2025,905,541,0.5977900552486188,0.5816974336224219,0.016092621626196957,0.5657458563535912,0.6298342541436464,0.5388982551644289,0.06607265435675173,0.29164640132184516,0.3160699147427256,0.5,absolute_run_difference
cumulative_absolute_run_difference,>=1.0,combined,1007,656,0.6514399205561072,0.6243034743145572,0.027136446241549983,0.6216484607745779,0.6812313803376365,0.48378326731985266,-0.02676888008963607,0.9731009427124064,-0.6789129153523343,1.0,absolute_run_difference
cumulative_absolute_run_difference,>=1.0,2022,256,162,0.6328125,0.6209499459746071,0.011862554025392935,0.5703125,0.69140625,0.45449172576832153,-0.07599163202484012,1.2710868253364012,-1.4634106450851327,1.0,absolute_run_difference
cumulative_absolute_run_difference,>=1.0,2023,302,202,0.6688741721854304,0.6241306682025269,0.0447435039829035,0.6158940397350994,0.7218543046357616,0.5286138613861386,0.04664855706464065,0.1474335950778718,1.0988474155005026,1.0,absolute_run_difference
cumulative_absolute_run_difference,>=1.0,2024,222,147,0.6621621621621622,0.6275311646254347,0.03463099753672749,0.5990990990990991,0.7252252252252253,0.4957823129251701,-0.006910440126036079,1.2854537200238372,-1.1600798053683414,1.0,absolute_run_difference
cumulative_absolute_run_difference,>=1.0,2025,227,145,0.6387665198237885,0.6251587318116748,0.013607788012113708,0.5770925110132159,0.7004405286343612,0.43633305298570224,-0.10594340626321613,1.4641243733678433,-1.7249696649664326,1.0,absolute_run_difference
cumulative_absolute_run_difference,>=1.5,combined,206,124,0.6019417475728155,0.6694405648999462,-0.0674988173271307,0.5339805825242718,0.6699029126213593,0.4383359559402045,-0.10456306182894254,0.908251987081256,-0.6948902543474771,1.5,absolute_run_difference
cumulative_absolute_run_difference,>=1.5,2022,37,19,0.5135135135135135,0.6654073792672038,-0.15189386575369035,0.35135135135135137,0.6756756756756757,0.5292397660818713,0.05064476045523032,-0.47988125627653283,0.7749651435263842,1.5,absolute_run_difference
cumulative_absolute_run_difference,>=1.5,2023,61,47,0.7704918032786885,0.6707695491884622,0.09972225409022628,0.6557377049180327,0.8688524590163934,0.5045592705167172,0.006642437259201303,1.0444349875640384,0.23250353529083678,1.5,absolute_run_difference
cumulative_absolute_run_difference,>=1.5,2024,54,32,0.5925925925925926,0.6685148082817862,-0.07592221568919366,0.46296296296296297,0.7222222222222222,0.31249999999999994,-0.31919710595935885,2.231026943539786,-2.6235532870305383,1.5,absolute_run_difference
cumulative_absolute_run_difference,>=1.5,2025,54,26,0.48148148148148145,0.6716285405331427,-0.19014705905166124,0.35185185185185186,0.6111111111111112,0.44368131868131866,-0.09749660891985817,0.06464713426565226,-0.1928142413098535,1.5,absolute_run_difference
cumulative_absolute_run_difference,>=2.0,combined,49,25,0.5102040816326531,0.7141479936325325,-0.20394391199987938,0.3673469387755102,0.6530612244897959,0.5883333333333334,0.1529978213352508,-1.8986922551569059,2.1088262480672184,2.0,absolute_run_difference
cumulative_absolute_run_difference,>=2.0,2022,4,2,0.5,0.7103968403894299,-0.21039684038942985,0.0,1.0,0.75,0.4472135954999579,,,2.0,absolute_run_difference
cumulative_absolute_run_difference,>=2.0,2023,17,12,0.7058823529411765,0.7167815366293848,-0.010899183688208303,0.47058823529411764,0.8823529411764706,0.6666666666666667,0.26352313834736496,,,2.0,absolute_run_difference
cumulative_absolute_run_difference,>=2.0,2024,15,5,0.3333333333333333,0.7072316173294474,-0.3738982839961141,0.13333333333333333,0.6,0.42000000000000004,-0.13093073414159542,,,2.0,absolute_run_difference
cumulative_absolute_run_difference,>=2.0,2025,13,6,0.46153846153846156,0.7198387649073174,-0.2583003033688558,0.23076923076923078,0.7692307692307693,0.5714285714285714,0.12371791482634838,,,2.0,absolute_run_difference
